{"cameraMode":{"drawMode":0,"name":"Shaded","section":"Shading Mode"},"sceneLighting":false,"audioPlay":false,"sceneViewState":{"showFog":true,"showMaterialUpdate":false,"showSkybox":true,"showFlares":true,"showImageEffects":true,"showParticleSystems":true},"in2DMode":false,"pivot":{"x":-0.9420548677444458,"y":1.1556833982467652,"z":3.4912109375},"rotation":{"x":0.04226148873567581,"y":-0.6898370981216431,"z":0.04040169343352318,"w":0.7215999960899353},"size":4.1682915687561039,"orthographic":true}